Year,Type,Activity,Sex,Age,Fatality
2018.0,Invalid,Surfing,M,48,N
2018.0,Unprovoked,Surfing,M,,N
2018.0,Unprovoked,Swimming,M,18,Y
2018.0,Unprovoked,Swimming,M,10,N
2018.0,Unprovoked,Surfing,M,,N
2018.0,Unprovoked,Swimming,M,,N
2018.0,Unprovoked,Surfing,M,,N
2018.0,Unprovoked,Surfing,M,60,N
2018.0,Unprovoked,Surfing,M,,N
2018.0,Unprovoked,Swimming,M,54,N
2018.0,Unprovoked,Surfing,M,41,N
2018.0,Unprovoked,Surfing,M,37,N
2018.0,Unprovoked,Surfing,M,,N
2018.0,Unprovoked,Swimming,M,12,N
2018.0,Unprovoked,Surfing,M,19,N
2018.0,Unprovoked,Swimming,M,69,N
2018.0,Unprovoked,Surfing,M,18,N
2018.0,Unprovoked,Swimming,F,55,N
2018.0,Invalid,Swimming,F,,N
2018.0,Unprovoked,Snorkeling,M,45,N
2018.0,Unprovoked,Diving,M,,N
2018.0,Unprovoked,Surfing,M,20,N
2018.0,Unprovoked,Surfing,M,,N
2017.0,Unprovoked,Surfing,F,54,N
2017.0,Unprovoked,Surfing,F,35,N
2017.0,Unprovoked,Snorkeling,F,25,N
2017.0,Unprovoked,Surfing,F,14,N
2017.0,Unprovoked,Surfing,M,24,N
2017.0,Unprovoked,Surfing,M,25,N
2017.0,Unprovoked,Snorkeling,M,7,N
2017.0,Unprovoked,Surfing,M,31,N
2017.0,Unprovoked,Swimming,M,,N
2017.0,Unprovoked,Swimming,F,60,N
2017.0,Unprovoked,Swimming,M,,N
2017.0,Unprovoked,Surfing,M,54,N
2017.0,Unprovoked,Snorkeling,F,40,N
2017.0,Unprovoked,Surfing,M,,N
2017.0,Unprovoked,Surfing,M,,N
2017.0,Unprovoked,Surfing,M,,N
2017.0,Unprovoked,Surfing,M,,N
2017.0,Unprovoked,Surfing,M,28,N
2017.0,Unprovoked,Surfing,M,18,N
2017.0,Unprovoked,Swimming,M,,N
2017.0,Unprovoked,Surfing,M,35,N
2017.0,Unprovoked,Surfing,M,42,N
2017.0,Unprovoked,Swimming,M,,N
2017.0,Unprovoked,Swimming,F,,N
2017.0,Unprovoked,Surfing,M,17,N
2017.0,Unprovoked,Surfing,M,37,N
2017.0,Unprovoked,Swimming,M,13,N
2017.0,Unprovoked,Snorkeling,F,20,N
2017.0,Unprovoked,Snorkeling,F,,N
2017.0,Unprovoked,Surfing,M,37,N
2017.0,Unprovoked,Swimming,F,,N
2017.0,Unprovoked,Surfing,M,,N
2017.0,Unprovoked,Surfing,M,,N
2017.0,Unprovoked,Swimming,M,46,N
2017.0,Unprovoked,Surfing,F,13,N
2017.0,Unprovoked,Swimming,F,16,N
2017.0,Unprovoked,Surfing,M,,N
2017.0,Unprovoked,Swimming,F,14,N
2017.0,Unprovoked,Swimming,M,82,N
2017.0,Unprovoked,Surfing,M,,N
2017.0,Unprovoked,Surfing,F,,N
2017.0,Unprovoked,Surfing,M,19,N
2017.0,Unprovoked,Snorkeling,F,32,N
2017.0,Unprovoked,Snorkeling,M,33,Y
2017.0,Unprovoked,Swimming,F,,N
2017.0,Unprovoked,Surfing,M,14,N
2017.0,Unprovoked,Surfing,F,33,N
2017.0,Unprovoked,Snorkeling,F,40,N
2017.0,Unprovoked,Surfing,F,17,Y
2017.0,Unprovoked,Surfing,M,28,N
2017.0,Unprovoked,Surfing,M,17,N
2017.0,Unprovoked,Surfing,F,,N
2017.0,Unprovoked,Surfing,F,35,N
2017.0,Unprovoked,Swimming,F,21,N
2017.0,Unprovoked,Swimming,M,16,N
2017.0,Unprovoked,Swimming,F,51,N
2017.0,Unprovoked,Swimming,F,17,N
2017.0,Unprovoked,Surfing,M,58,N
2017.0,Unprovoked,Snorkeling,F,,N
2017.0,Unprovoked,Surfing,M,,N
2017.0,Unprovoked,Swimming,M,22,N
2017.0,Unprovoked,Swimming,M,21,N
2017.0,Unprovoked,Swimming,M,57,N
2017.0,Unprovoked,Surfing,M,48,N
2016.0,Unprovoked,Surfing,M,16,N
2016.0,Unprovoked,Snorkeling,F,,N
2016.0,Unprovoked,Surfing,M,65,N
2016.0,Unprovoked,Surfing,M,41,N
2016.0,Unprovoked,Surfing,M,42,N
2016.0,Unprovoked,Surfing,M,36,N
2016.0,Unprovoked,Surfing,M,36,N
2016.0,Unprovoked,Surfing,M,,N
2016.0,Unprovoked,Snorkeling,F,66,N
2016.0,Unprovoked,Surfing,M,25,N
2016.0,Unprovoked,Surfing,M,29,N
2016.0,Unprovoked,Surfing,M,21,N
2016.0,Unprovoked,Surfing,M,17,N
2016.0,Unprovoked,Surfing,M,16,N
2016.0,Unprovoked,Surfing,M,36,N
2016.0,Unprovoked,Surfing,M,43,N
2016.0,Unprovoked,Surfing,M,43,N
2016.0,Unprovoked,Surfing,M,,N
2016.0,Unprovoked,Surfing,M,,N
2016.0,Unprovoked,Swimming,F,51,N
2016.0,Unprovoked,Surfing,M,,N
2016.0,Unprovoked,Surfing,M,25,N
2016.0,Unprovoked,Surfing,M,37,N
2016.0,Unprovoked,Surfing,M,20,N
2016.0,Unprovoked,Snorkeling,M,15,N
2016.0,Unprovoked,Surfing,M,22,N
2016.0,Unprovoked,Swimming,M,40,N
2016.0,Unprovoked,Swimming,M,72,N
2016.0,Unprovoked,Surfing,M,18,N
2016.0,Unprovoked,Surfing,M,29,N
2016.0,Unprovoked,Surfing,M,36,N
2016.0,Unprovoked,Surfing,F,9,N
2016.0,Unprovoked,Swimming,M,,N
2016.0,Unprovoked,Swimming,F,42,N
2016.0,Unprovoked,Surfing,M,11,N
2016.0,Unprovoked,Surfing,M,,N
2016.0,Unprovoked,Swimming,M,64,N
2016.0,Unprovoked,Diving,F,60,Y
2016.0,Unprovoked,Swimming,M,23,N
2016.0,Unprovoked,Surfing,M,29,Y
2016.0,Unprovoked,Swimming,F,52,N
2016.0,Unprovoked,Swimming,M,13,N
2016.0,Unprovoked,Swimming,F,57,N
2016.0,Unprovoked,Swimming,F,22,N
2016.0,Unprovoked,Swimming,F,11,N
2016.0,Unprovoked,Swimming,M,48,N
2016.0,Unprovoked,Surfing,M,24,N
2016.0,Unprovoked,Surfing,M,15,N
2016.0,Unprovoked,Swimming,M,12,N
2016.0,Unprovoked,Snorkeling,F,46,N
2016.0,Unprovoked,Surfing,M,22,N
2016.0,Unprovoked,Surfing,M,41,N
2016.0,Unprovoked,Swimming,M,41,N
2016.0,Unprovoked,Swimming,M,41,N
2016.0,Unprovoked,Surfing,M,,N
2016.0,Unprovoked,Surfing,F,15,N
2016.0,Unprovoked,Surfing,M,,N
2015.0,Unprovoked,Swimming,F,38,N
2015.0,Unprovoked,Surfing,M,43,N
2015.0,Unprovoked,Snorkeling,M,55,N
2015.0,Unprovoked,Surfing,M,,N
2015.0,Unprovoked,Swimming,F,,N
2015.0,Unprovoked,Surfing,M,28,N
2015.0,Unprovoked,Surfing,M,20,N
2015.0,Unprovoked,Swimming,M,54,N
2015.0,Unprovoked,Surfing,M,42,N
2015.0,Unprovoked,Surfing,M,21,N
2015.0,Unprovoked,Surfing,M,21,N
2015.0,Unprovoked,Swimming,M,44,N
2015.0,Unprovoked,Surfing,M,25,N
2015.0,Unprovoked,Surfing,M,18,N
2015.0,Unprovoked,Surfing,M,14,N
2015.0,Unprovoked,Surfing,M,22,N
2015.0,Unprovoked,Snorkeling,F,7,N
2015.0,Unprovoked,Surfing,M,14,N
2015.0,Unprovoked,Swimming,M,,N
2015.0,Unprovoked,Surfing,M,20,N
2015.0,Unprovoked,Surfing,M,42,N
2015.0,Unprovoked,Surfing,F,54,N
2015.0,Unprovoked,Surfing,M,21,N
2015.0,Unprovoked,Surfing,M,38,N
2015.0,Unprovoked,Surfing,M,15,N
2015.0,Unprovoked,Surfing,M,52,N
2015.0,Unprovoked,Surfing,M,47,N
2015.0,Unprovoked,Surfing,M,25,N
2015.0,Unprovoked,Surfing,M,40,N
2015.0,Unprovoked,Surfing,M,45,N
2015.0,Unprovoked,Surfing,M,34,N
2015.0,Unprovoked,Surfing,M,38,N
2015.0,Unprovoked,Surfing,M,52,N
2015.0,Unprovoked,Swimming,M,68,N
2015.0,Unprovoked,Surfing,M,,N
2015.0,Unprovoked,Swimming,M,18,N
2015.0,Unprovoked,Surfing,M,23,N
2015.0,Provoked,Swimming,M,19,N
2015.0,Unprovoked,Swimming,M,6,N
2015.0,Invalid,Surfing,F,37,N
2015.0,Unprovoked,Swimming,M,10,N
2015.0,Unprovoked,Surfing,M,47,N
2015.0,Unprovoked,Swimming,F,13,N
2015.0,Unprovoked,Surfing,M,18,N
2015.0,Unprovoked,Snorkeling,M,50,Y
2015.0,Unprovoked,Swimming,M,,N
2015.0,Unprovoked,Surfing,M,,N
2015.0,Unprovoked,Diving,M,29,N
2015.0,Unprovoked,Snorkeling,F,65,Y
2015.0,Unprovoked,Surfing,M,26,N
2015.0,Unprovoked,Surfing,M,13,Y
2015.0,Unprovoked,Swimming,M,52,Y
2015.0,Unprovoked,Swimming,F,22,Y
2015.0,Unprovoked,Surfing,M,41,Y
2015.0,Unprovoked,Surfing,M,35,N
2015.0,Unprovoked,Surfing,M,,N
2015.0,Unprovoked,Snorkeling,F,34,N
2015.0,Unprovoked,Surfing,M,15,N
2014.0,Unprovoked,Surfing,M,50,N
2014.0,Unprovoked,Surfing,M,13,N
2014.0,Unprovoked,Surfing,M,44,N
2014.0,Unprovoked,Snorkeling,M,53,N
2014.0,Unprovoked,Surfing,M,,N
2014.0,Unprovoked,Surfing,M,18,N
2014.0,Unprovoked,Surfing,F,34,N
2014.0,Provoked,Surfing,M,20,N
2014.0,Unprovoked,Surfing,M,,N
2014.0,Unprovoked,Surfing,F,13,N
2014.0,Unprovoked,Surfing,M,29,N
2014.0,Unprovoked,Surfing,M,15,N
2014.0,Unprovoked,Surfing,M,28,N
2014.0,Unprovoked,Surfing,M,23,N
2014.0,Unprovoked,Surfing,M,,N
2014.0,Unprovoked,Swimming,M,50,Y
2014.0,Unprovoked,Surfing,M,17,N
2014.0,Unprovoked,Swimming,F,30s,N
2014.0,Unprovoked,Surfing,M,29,N
2014.0,Unprovoked,Swimming,F,10,N
2014.0,Unprovoked,Swimming,M,7,N
2014.0,Unprovoked,Swimming,F,45,N
2014.0,Unprovoked,Surfing,M,50s,N
2014.0,Unprovoked,Surfing,M,20,N
2014.0,Unprovoked,Swimming,M,Teen,N
2014.0,Unprovoked,Surfing,M,51,N
2014.0,Unprovoked,Swimming,M,61,N
2014.0,Unprovoked,Swimming,M,39,N
2014.0,Unprovoked,Surfing,M,14,N
2014.0,Provoked,Swimming,M,,N
2014.0,Unprovoked,Surfing,M,,N
2014.0,Unprovoked,Surfing,M,,N
2014.0,Unprovoked,Surfing,M,43,N
2014.0,Unprovoked,Swimming,F,22,N
2014.0,Unprovoked,Surfing,M,,N
2014.0,Unprovoked,Surfing,M,35,N
2014.0,Unprovoked,Swimming,F,40,N
2014.0,Unprovoked,Surfing,M,23,N
2014.0,Unprovoked,Swimming,M,42,N
2014.0,Unprovoked,Surfing,M,teen,N
2014.0,Unprovoked,Surfing,M,teen,N
2014.0,Unprovoked,Swimming,F,63,Y
2014.0,Unprovoked,Swimming,M,66,Y
2014.0,Unprovoked,Surfing,M,9,N
2014.0,Unprovoked,Surfing,M,42,N
2014.0,Unprovoked,Swimming,M,,N
2014.0,Unprovoked,Surfing,M,21,N
2014.0,Unprovoked,Surfing,M,28,N
2013.0,Unprovoked,Snorkeling,M,37,N
2013.0,Unprovoked,Surfing,M,19,N
2013.0,Unprovoked,Surfing,M,30,N
2013.0,Unprovoked,Surfing,M,26,N
2013.0,Unprovoked,Snorkeling,F,58,N
2013.0,Unprovoked,Surfing,M,35,Y
2013.0,Unprovoked,Surfing,M,25,N
2013.0,Unprovoked,Surfing,M,,N
2013.0,Unprovoked,Surfing,M,,N
2013.0,Unprovoked,Snorkeling,F,60,N
2013.0,Unprovoked,Surfing,M,41,N
2013.0,Unprovoked,Surfing,M,25,N
2013.0,Unprovoked,Surfing,M,45,N
2013.0,Unprovoked,Surfing,M,50,N
2013.0,Unprovoked,Diving,M,27,N
2013.0,Unprovoked,Swimming,M,45,N
2013.0,Unprovoked,Surfing,M,,N
2013.0,Unprovoked,Swimming,M,21,N
2013.0,Unprovoked,Surfing,F,13,N
2013.0,Provoked,Surfing,M,43,N
2013.0,Unprovoked,Swimming,M,17,N
2013.0,Unprovoked,Swimming,M,,N
2013.0,Unprovoked,Surfing,M,16,N
2013.0,Unprovoked,Surfing,F,,N
2013.0,Unprovoked,Snorkeling,F,20,Y
2013.0,Unprovoked,Surfing,M,10,N
2013.0,Unprovoked,Snorkeling,F,56,N
2013.0,Unprovoked,Swimming,M,32,N
2013.0,Unprovoked,Surfing,M,18,N
2013.0,Unprovoked,Diving,M,50,N
2013.0,Unprovoked,Swimming,F,18,Y
2013.0,Unprovoked,Swimming,M,33,Y
2013.0,Unprovoked,Swimming,M,,N
2013.0,Unprovoked,Swimming,M,14,N
2013.0,Unprovoked,Swimming,M,28,N
2013.0,Unprovoked,Swimming,M,15,N
2013.0,Unprovoked,Surfing,M,,N
2013.0,Unprovoked,Surfing,F,,N
2013.0,Unprovoked,Surfing,M,,N
2013.0,Unprovoked,Diving,M,32,N
2013.0,Unprovoked,Swimming,M,11,N
2013.0,Unprovoked,Surfing,M,29,N
2013.0,Unprovoked,Surfing,M,16,N
2013.0,Unprovoked,Swimming,F,34,N
2013.0,Unprovoked,Surfing,M,21,N
2013.0,Unprovoked,Swimming,M,50,N
2013.0,Unprovoked,Surfing,M,58,N
2013.0,Unprovoked,Snorkeling,F,,N
2013.0,Unprovoked,Surfing,M,,N
2013.0,Unprovoked,Swimming,M,39,N
2013.0,Unprovoked,Swimming,M,46,Y
2013.0,Unprovoked,Surfing,M,,N
2013.0,Unprovoked,Surfing,M,16,N
2013.0,Unprovoked,Surfing,M,,N
2013.0,Unprovoked,Surfing,M,43,N
2012.0,Unprovoked,Swimming,M,,N
2012.0,Unprovoked,Surfing,M,23,N
2012.0,Unprovoked,Swimming,M,20,Y
2012.0,Unprovoked,Surfing,M,32,N
2012.0,Unprovoked,Surfing,M,60,N
2012.0,Unprovoked,Snorkeling,M,61,N
2012.0,Unprovoked,Swimming,M,32,Y
2012.0,Unprovoked,Surfing,M,14,N
2012.0,Unprovoked,Diving,M,30,N
2012.0,Unprovoked,Surfing,M,43,N
2012.0,Unprovoked,Surfing,M,25,N
2012.0,Unprovoked,Swimming,F,51,N
2012.0,Unprovoked,Surfing,M,39,Y
2012.0,Unprovoked,Surfing,M,24,N
2012.0,Unprovoked,Bathing,F,38,N
2012.0,Unprovoked,Surfing,M,21,N
2012.0,Unprovoked,Surfing,M,22,N
2012.0,Unprovoked,Surfing,M,52,N
2012.0,Unprovoked,Swimming,F,29,N
2012.0,Unprovoked,Surfing,M,25,N
2012.0,Unprovoked,Swimming,M,,N
2012.0,Unprovoked,Surfing,M,30s,N
2012.0,Unprovoked,Surfing,M,37,N
2012.0,Unprovoked,Surfing,M,32,N
2012.0,Unprovoked,Surfing,M,34,N
2012.0,Unprovoked,Swimming,M,18,Y
2012.0,Unprovoked,Surfing,M,39,N
2012.0,Unprovoked,Surfing,M,17,N
2012.0,Unprovoked,Surfing,M,48,N
2012.0,Unprovoked,Surfing,M,44,N
2012.0,Unprovoked,Surfing,M,22,Y
2012.0,Unprovoked,Surfing,M,24,Y
2012.0,Unprovoked,Swimming,F,43,N
2012.0,Unprovoked,Surfing,M,29,N
2012.0,Unprovoked,Swimming,M,6,N
2012.0,Unprovoked,Surfing,M,26,N
2012.0,Unprovoked,Surfing,M,,N
2012.0,Unprovoked,Swimming,M,12,N
2012.0,Unprovoked,Swimming,F,18,N
2012.0,Unprovoked,Swimming,M,,N
2012.0,Unprovoked,Swimming,M,16,N
2012.0,Unprovoked,Surfing,M,42,N
2012.0,Unprovoked,Surfing,F,12,N
2012.0,Unprovoked,Surfing,M,22,N
2012.0,Unprovoked,Swimming,F,47,N
2012.0,Unprovoked,Surfing,M,28,N
2012.0,Unprovoked,Surfing,M,28,N
2012.0,Unprovoked,Surfing,M,21,N
2012.0,Unprovoked,Surfing,M,20,N
2012.0,Unprovoked,Surfing,M,61,N
2012.0,Unprovoked,Surfing,F,15,N
2012.0,Unprovoked,Surfing,M,17,N
2012.0,Unprovoked,Surfing,M,,N
2012.0,Unprovoked,Surfing,M,29,N
2012.0,Unprovoked,Snorkeling,M,26,N
2012.0,Unprovoked,Surfing,M,44,N
2012.0,Unprovoked,Swimming,M,25,Y
2012.0,Unprovoked,Surfing,M,53,N
2012.0,Unprovoked,Surfing,M,28,N
2011.0,Unprovoked,Surfing,M,23,N
2011.0,Unprovoked,Surfing,M,27,N
2011.0,Unprovoked,Surfing,M,51,N
2011.0,Unprovoked,Surfing,M,14,N
2011.0,Unprovoked,Surfing,F,,N
2011.0,Unprovoked,Surfing,M,63,N
2011.0,Unprovoked,Surfing,M,18,N
2011.0,Unprovoked,Swimming,M,10,N
2011.0,Unprovoked,Surfing,M,35,N
2011.0,Unprovoked,Surfing,M,27,N
2011.0,Unprovoked,Surfing,M,26,N
2011.0,Unprovoked,Diving,M,32,Y
2011.0,Unprovoked,Surfing,M,41,N
2011.0,Unprovoked,Diving,M,50,N
2011.0,Unprovoked,Surfing,M,,N
2011.0,Unprovoked,Surfing,M,,N
2011.0,Unprovoked,Swimming,M,64,Y
2011.0,Unprovoked,Swimming,M,43,N
2011.0,Unprovoked,Swimming,M,17,Y
2011.0,Unprovoked,Surfing,M,25,N
2011.0,Unprovoked,Surfing,M,37,N
2011.0,Unprovoked,Surfing,M,19,N
2011.0,Unprovoked,Surfing,M,19,N
2011.0,Unprovoked,Surfing,M,21,N
2011.0,Unprovoked,Surfing,M,49,Y
2011.0,Unprovoked,Swimming,M,16,N
2011.0,Unprovoked,Swimming,M,25,N
2011.0,Unprovoked,Surfing,M,32,N
2011.0,Unprovoked,Swimming,M,54,N
2011.0,Unprovoked,Diving,M,36,Y
2011.0,Unprovoked,Surfing,M,29,N
2011.0,Unprovoked,Swimming,M,12,N
2011.0,Unprovoked,Surfing,M,16,N
2011.0,Unprovoked,Snorkeling,M,28,N
2011.0,Unprovoked,Surfing,M,21,N
2011.0,Unprovoked,Surfing,M,,N
2011.0,Unprovoked,Surfing,M,15,Y
2011.0,Unprovoked,Snorkeling,F,,N
2011.0,Unprovoked,Surfing,M,33,N
2011.0,Unprovoked,Surfing,F,,N
2011.0,Unprovoked,Surfing,M,37,N
2011.0,Unprovoked,Surfing,M,41,N
2011.0,Unprovoked,Surfing,M,,N
2011.0,Unprovoked,Diving,M,27,N
2011.0,Unprovoked,Swimming,F,,N
2011.0,Unprovoked,Surfing,M,48,N
2011.0,Unprovoked,Swimming,M,46,N
2011.0,Unprovoked,Surfing,M,,N
2011.0,Unprovoked,Surfing,M,32,N
2011.0,Unprovoked,Snorkeling,M,58,N
2011.0,Unprovoked,Swimming,F,38,N
2011.0,Unprovoked,Surfing,M,16,Y
2010.0,Unprovoked,Surfing,M,,N
2010.0,Unprovoked,Surfing,M,46,N
2010.0,Unprovoked,Snorkeling,F,70,Y
2010.0,Unprovoked,Surfing,M,,N
2010.0,Unprovoked,Snorkeling,M,54,N
2010.0,Unprovoked,Snorkeling,M,46,N
2010.0,Unprovoked,Snorkeling,F,70,N
2010.0,Unprovoked,Snorkeling,F,48,N
2010.0,Provoked,Snorkeling,M,33,N
2010.0,Unprovoked,Diving,M,21,Y
2010.0,Unprovoked,Surfing,M,,N
2010.0,Unprovoked,Snorkeling,F,20,N
2010.0,Unprovoked,Surfing,M,,N
2010.0,Unprovoked,Snorkeling,F,,N
2010.0,Unprovoked,Surfing,M,22,N
2010.0,Unprovoked,Snorkeling,M,,N
2010.0,Unprovoked,Surfing,F,,N
2010.0,Unprovoked,Surfing,M,Teen,N
2010.0,Unprovoked,Surfing,M,29,N
2010.0,Unprovoked,Surfing,M,18,N
2010.0,Unprovoked,Swimming,M,29,Y
2010.0,Unprovoked,Surfing,M,15,N
2010.0,Unprovoked,Swimming,M,27,N
2010.0,Unprovoked,Surfing,M,,N
2010.0,Unprovoked,Surfing,M,24,N
2010.0,Unprovoked,Surfing,M,24,N
2010.0,Unprovoked,Surfing,M,31,Y
2010.0,Unprovoked,Swimming,F,16,N
2010.0,Unprovoked,Surfing,M,47,N
2010.0,Unprovoked,Surfing,M,25,N
2010.0,Unprovoked,Surfing,M,20,N
2010.0,Unprovoked,Swimming,M,10,N
2010.0,Unprovoked,Swimming,F,13,N
2010.0,Unprovoked,Surfing,M,55,N
2010.0,Provoked,Swimming,M,9,N
2010.0,Unprovoked,Snorkeling,F,21,N
2010.0,Unprovoked,Surfing,M,19,N
2010.0,Unprovoked,Surfing,M,20,N
2010.0,Unprovoked,Swimming,F,13,N
2010.0,Unprovoked,Swimming,M,17,N
2010.0,Unprovoked,Surfing,M,40,N
2010.0,Unprovoked,Surfing,M,20,N
2010.0,Unprovoked,Swimming,F,60,N
2010.0,Unprovoked,Surfing,M,,N
2010.0,Unprovoked,Surfing,M,68,N
2010.0,Unprovoked,Surfing,M,35,N
2010.0,Unprovoked,Surfing,M,34,N
2010.0,Unprovoked,Swimming,M,,N
2010.0,Unprovoked,Surfing,M,,N
2010.0,Unprovoked,Snorkeling,F,60,N
2010.0,Unprovoked,Surfing,M,46,N
2010.0,Unprovoked,Surfing,M,29,N
2010.0,Unprovoked,Surfing,M,,N
2010.0,Unprovoked,Surfing,M,54,N
2010.0,Unprovoked,Surfing,M,,N
2010.0,Unprovoked,Snorkeling,F,9,N
2010.0,Unprovoked,Bathing,M,,N
2010.0,Unprovoked,Surfing,M,,N
2009.0,Provoked,Swimming,M,55,N
2009.0,Unprovoked,Swimming,M,27,N
2009.0,Unprovoked,Surfing,M,39,N
2009.0,Provoked,Diving,M,58,N
2009.0,Unprovoked,Surfing,M,22,N
2009.0,Unprovoked,Surfing,F,27,N
2009.0,Unprovoked,Surfing,M,18,N
2009.0,Unprovoked,Surfing,M,21,N
2009.0,Unprovoked,Surfing,M,,N
2009.0,Unprovoked,Surfing,M,54,N
2009.0,Provoked,Diving,M,23,N
2009.0,Unprovoked,Diving,M,23,N
2009.0,Unprovoked,Surfing,M,,N
2009.0,Unprovoked,Swimming,M,,N
2009.0,Unprovoked,Surfing,M,,N
2009.0,Unprovoked,Surfing,M,25,Y
2009.0,Unprovoked,Swimming,F,22,N
2009.0,Unprovoked,Swimming,M,26,N
2009.0,Unprovoked,Surfing,M,,N
2009.0,Unprovoked,Surfing,M,14,N
2009.0,Unprovoked,Swimming,F,41,N
2009.0,Unprovoked,Swimming,F,26,N
2009.0,Unprovoked,Swimming,F,19,N
2009.0,Unprovoked,Swimming,M,57,N
2009.0,Unprovoked,Surfing,M,37,N
2009.0,Provoked,Swimming,F,43,N
2009.0,Unprovoked,Surfing,M,52,N
2009.0,Unprovoked,Snorkeling,F,50,Y
2009.0,Provoked,Swimming,M,,N
2009.0,Unprovoked,Surfing,M,31,N
2009.0,Unprovoked,Surfing,M,49,N
2009.0,Unprovoked,Surfing,M,55,N
2009.0,Unprovoked,Surfing,M,,N
2009.0,Unprovoked,Surfing,M,20,N
2009.0,Unprovoked,Swimming,M,23,N
2009.0,Unprovoked,Surfing,M,52,N
2009.0,Unprovoked,Surfing,M,31,N
2009.0,Unprovoked,Surfing,M,16,Y
2009.0,Unprovoked,Surfing,M,17,N
2009.0,Unprovoked,Surfing,M,,N
2009.0,Unprovoked,Surfing,F,,N
2009.0,Unprovoked,Surfing,F,17,N
2009.0,Unprovoked,Swimming,M,61,N
2009.0,Unprovoked,Surfing,M,19,Y
2009.0,Unprovoked,Surfing,M,15,N
2009.0,Unprovoked,Surfing,M,,N
2009.0,Unprovoked,Surfing,M,33,N
2009.0,Unprovoked,Surfing,M,41,N
2009.0,Unprovoked,Surfing,M,,N
2009.0,Unprovoked,Swimming,M,19,N
2009.0,Unprovoked,Swimming,M,25,Y
2009.0,Unprovoked,Surfing,M,,N
2009.0,Unprovoked,Snorkeling,M,24,N
2009.0,Unprovoked,Surfing,F,13,N
2009.0,Unprovoked,Surfing,M,31,N
2009.0,Unprovoked,Surfing,M,22,N
2009.0,Unprovoked,Swimming,M,49,N
2008.0,Unprovoked,Snorkeling,M,51,Y
2008.0,Unprovoked,Surfing,M,15,N
2008.0,Unprovoked,Surfing,M,44,N
2008.0,Unprovoked,Surfing,M,40,N
2008.0,Provoked,Swimming,M,43,N
2008.0,Unprovoked,Swimming,M,32,N
2008.0,Unprovoked,Surfing,M,40,N
2008.0,Unprovoked,Surfing,M,,N
2008.0,Unprovoked,Surfing,M,51,N
2008.0,Unprovoked,Surfing,M,43,N
2008.0,Unprovoked,Surfing,M,15,N
2008.0,Unprovoked,Surfing,M,52,N
2008.0,Unprovoked,Surfing,M,,N
2008.0,Unprovoked,Surfing,M,29,N
2008.0,Unprovoked,Surfing,M,19,N
2008.0,Unprovoked,Surfing,M,26,N
2008.0,Unprovoked,Swimming,M,47,N
2008.0,Unprovoked,Diving,M,,N
2008.0,Unprovoked,Surfing,M,31,N
2008.0,Unprovoked,Swimming,M,33,N
2008.0,Unprovoked,Swimming,M,,N
2008.0,Unprovoked,Surfing,M,17,N
2008.0,Unprovoked,Snorkeling,F,44,N
2008.0,Provoked,Surfing,M,15,N
2008.0,Unprovoked,Diving,M,,N
2008.0,Unprovoked,Surfing,M,24,N
2008.0,Unprovoked,Swimming,F,14,N
2008.0,Unprovoked,Surfing,M,29,N
2008.0,Unprovoked,Swimming,M,37,N
2008.0,Unprovoked,Surfing,M,,N
2008.0,Unprovoked,Surfing,M,14,N
2008.0,Unprovoked,Swimming,M,14,N
2008.0,Unprovoked,Surfing,M,9,N
2008.0,Unprovoked,Surfing,M,49,N
2008.0,Unprovoked,Surfing,M,21,Y
2008.0,Unprovoked,Swimming,M,37,N
2008.0,Unprovoked,Surfing,M,24,Y
2008.0,Unprovoked,Surfing,M,18,N
2008.0,Unprovoked,Surfing,M,24,N
2008.0,Unprovoked,Swimming,M,32,N
2008.0,Provoked,Surfing,M,21,N
2008.0,Unprovoked,Swimming,M,66,Y
2008.0,Unprovoked,Surfing,M,14,N
2008.0,Unprovoked,Surfing,M,30,N
2008.0,Unprovoked,Surfing,M,52,N
2008.0,Unprovoked,Surfing,M,27,N
2008.0,Unprovoked,Diving,M,49,Y
2008.0,Unprovoked,Surfing,M,25,N
2008.0,Unprovoked,Surfing,F,14,N
2008.0,Unprovoked,Surfing,M,20,N
2008.0,Unprovoked,Surfing,M,26,N
2007.0,Unprovoked,Surfing,M,24,N
2007.0,Unprovoked,Surfing,M,31,N
2007.0,Unprovoked,Swimming,M,teen,N
2007.0,Unprovoked,Surfing,M,52,N
2007.0,Unprovoked,Surfing,F,,N
2007.0,Unprovoked,Surfing,M,,N
2007.0,Unprovoked,Surfing,M,14,N
2007.0,Unprovoked,Surfing,M,21,N
2007.0,Unprovoked,Surfing,M,42,N
2007.0,Unprovoked,Surfing,M,37,N
2007.0,Unprovoked,Surfing,M,22,N
2007.0,Unprovoked,Surfing,M,16,N
2007.0,Unprovoked,Surfing,M,,N
2007.0,Unprovoked,Swimming,F,23,Y
2007.0,Unprovoked,Surfing,F,,N
2007.0,Unprovoked,Swimming,F,18 or 20,N
2007.0,Unprovoked,Surfing,F,,N
2007.0,Unprovoked,Surfing,M,23,N
2007.0,Unprovoked,Surfing,F,Teen,N
2007.0,Unprovoked,Snorkeling,M,14,N
2007.0,Unprovoked,Swimming,M,58,N
2007.0,Unprovoked,Surfing,M,24,N
2007.0,Unprovoked,Surfing,M,54,N
2007.0,Unprovoked,Surfing,M,27,N
2007.0,Provoked,Diving,M,,N
2007.0,Unprovoked,Swimming,M,52,N
2007.0,Unprovoked,Surfing,M,16,N
2007.0,Unprovoked,Swimming,F,15,N
2007.0,Unprovoked,Swimming,M,30,N
2007.0,Unprovoked,Surfing,M,51,N
2007.0,Unprovoked,Surfing,M,20,N
2007.0,Unprovoked,Snorkeling,M,36,N
2007.0,Unprovoked,Swimming,M,14,N
2007.0,Unprovoked,Surfing,M,18,N
2007.0,Unprovoked,Swimming,F,,N
2007.0,Unprovoked,Surfing,M,20,N
2007.0,Unprovoked,Surfing,M,,N
2007.0,Unprovoked,Swimming,F,,N
2007.0,Unprovoked,Surfing,M,,N
2007.0,Unprovoked,Surfing,M,19,N
2007.0,Unprovoked,Surfing,F,21,N
2007.0,Unprovoked,Snorkeling,M,,N
2007.0,Unprovoked,Snorkeling,F,63,N
2007.0,Unprovoked,Swimming,M,68,N
2007.0,Unprovoked,Surfing,M,24,N
2007.0,Unprovoked,Surfing,M,26,N
2007.0,Unprovoked,Surfing,M,27,N
2007.0,Unprovoked,Surfing,M,11,N
2007.0,Unprovoked,Surfing,F,42,N
2007.0,Unprovoked,Swimming,F,59,N
2007.0,Unprovoked,Surfing,M,29,N
2007.0,Unprovoked,Diving,M,41,N
2007.0,Unprovoked,Surfing,M,,N
2007.0,Unprovoked,Surfing,M,24,N
2006.0,Unprovoked,Surfing,M,25,N
2006.0,Unprovoked,Surfing,M,10,N
2006.0,Unprovoked,Surfing,M,43,N
2006.0,Unprovoked,Swimming,M,29,N
2006.0,Unprovoked,Surfing,M,22,N
2006.0,Unprovoked,Surfing,M,20,N
2006.0,Unprovoked,Surfing,M,,N
2006.0,Unprovoked,Surfing,M,19,N
2006.0,Unprovoked,Surfing,M,16,N
2006.0,Unprovoked,Swimming,M,55,N
2006.0,Unprovoked,Surfing,M,52,N
2006.0,Unprovoked,Swimming,M,12 or 13,N
2006.0,Unprovoked,Surfing,M,37,N
2006.0,Unprovoked,Surfing,M,23,N
2006.0,Unprovoked,Surfing,M,,N
2006.0,Unprovoked,Surfing,M,34,Y
2006.0,Unprovoked,Surfing,M,,N
2006.0,Unprovoked,Surfing,M,41,N
2006.0,Unprovoked,Surfing,M,15,N
2006.0,Unprovoked,Surfing,M,14,N
2006.0,Unprovoked,Swimming,F,21,N
2006.0,Unprovoked,Swimming,M,13,N
2006.0,Unprovoked,Surfing,F,22,N
2006.0,Unprovoked,Surfing,M,24,N
2006.0,Unprovoked,Surfing,M,40,N
2006.0,Unprovoked,Surfing,M,31,N
2006.0,Unprovoked,Surfing,M,33,N
2006.0,Unprovoked,Swimming,F,20s,N
2006.0,Provoked,Snorkeling,M,46,N
2006.0,Unprovoked,Surfing,M,54,N
2006.0,Unprovoked,Surfing,M,15,N
2006.0,Unprovoked,Swimming,M,35,N
2006.0,Unprovoked,Surfing,F,28,N
2006.0,Unprovoked,Surfing,M,21,N
2006.0,Unprovoked,Surfing,M,15,N
2006.0,Unprovoked,Swimming,M,,N
2006.0,Unprovoked,Surfing,M,15,N
2006.0,Unprovoked,Swimming,F,24,Y
2006.0,Unprovoked,Swimming,F,21,Y
2006.0,Unprovoked,Surfing,M,21,N
2005.0,Unprovoked,Surfing,M,30,N
2005.0,Unprovoked,Swimming,M,29,N
2005.0,Unprovoked,Surfing,M,teen,N
2005.0,Unprovoked,Surfing,M,23,N
2005.0,Unprovoked,Surfing,M,18,N
2005.0,Unprovoked,Surfing,M,26,N
2005.0,Unprovoked,Surfing,M,30s,N
2005.0,Unprovoked,Surfing,M,17,N
2005.0,Unprovoked,Surfing,M,18,N
2005.0,Unprovoked,Surfing,M,25,N
2005.0,Unprovoked,Surfing,M,26,N
2005.0,Unprovoked,Surfing,M,36,N
2005.0,Unprovoked,Surfing,F,20,N
2005.0,Unprovoked,Surfing,M,22,N
2005.0,Unprovoked,Diving,M,35,N
2005.0,Unprovoked,Surfing,M,28,N
2005.0,Unprovoked,Surfing,M,26,N
2005.0,Unprovoked,Surfing,M,44,N
2005.0,Unprovoked,Surfing,M,18,Y
2005.0,Unprovoked,Surfing,M,40,N
2005.0,Unprovoked,Surfing,M,37,N
2005.0,Unprovoked,Swimming,M,8,N
2005.0,Unprovoked,Surfing,M,16,N
2005.0,Unprovoked,Swimming,M,14,N
2005.0,Unprovoked,Surfing,M,61,N
2005.0,Unprovoked,Swimming,M,22,N
2005.0,Unprovoked,Swimming,F,7,Y
2005.0,Unprovoked,Surfing,M,,N
2005.0,Unprovoked,Swimming,M,20,N
2005.0,Unprovoked,Diving,F,38,N
2005.0,Unprovoked,Swimming,M,33,N
2005.0,Unprovoked,Surfing,M,32,N
2005.0,Unprovoked,Surfing,M,47,N
2005.0,Unprovoked,Surfing,M,40,N
2005.0,Unprovoked,Surfing,M,37,N
2005.0,Unprovoked,Surfing,M,32,N
2005.0,Unprovoked,Surfing,M,,N
2005.0,Unprovoked,Surfing,M,,N
2005.0,Unprovoked,Snorkeling,M,26,Y
2005.0,Unprovoked,Diving,M,,N
2005.0,Unprovoked,Swimming,M,18,N
2005.0,Unprovoked,Surfing,M,,N
2005.0,Unprovoked,Surfing,M,12,N
2005.0,Unprovoked,Swimming,M,19,N
2004.0,Unprovoked,Surfing,M,20,N
2004.0,Unprovoked,Swimming,F,77,Y
2004.0,Unprovoked,Surfing,M,38,N
2004.0,Unprovoked,Snorkeling,M,30s,N
2004.0,Unprovoked,Diving,M,40,N
2004.0,Unprovoked,Surfing,M,59,N
2004.0,Unprovoked,Surfing,M,,N
2004.0,Unprovoked,Surfing,M,34,N
2004.0,Unprovoked,Surfing,M,16,N
2004.0,Unprovoked,Surfing,M,40,N
2004.0,Unprovoked,Surfing,M,26,N
2004.0,Unprovoked,Bathing,M,24,N
2004.0,Unprovoked,Surfing,M,,N
2004.0,Unprovoked,Diving,M,50,Y
2004.0,Unprovoked,Swimming,M,47,N
2004.0,Unprovoked,Surfing,F,20,N
2004.0,Unprovoked,Surfing,F,28,N
2004.0,Unprovoked,Swimming,F,13,N
2004.0,Unprovoked,Swimming,F,19,N
2004.0,Unprovoked,Surfing,M,30,Y
2004.0,Unprovoked,Snorkeling,F,Teen,N
2004.0,Unprovoked,Surfing,M,45,N
2004.0,Unprovoked,Swimming,M,8,N
2004.0,Unprovoked,Swimming,M,17,N
2004.0,Unprovoked,Surfing,M,44,N
2004.0,Unprovoked,Swimming,M,22,Y
2004.0,Unprovoked,Diving,M,,N
2004.0,Unprovoked,Surfing,M,57,Y
2004.0,Unprovoked,Surfing,M,16,N
2004.0,Unprovoked,Surfing,M,20,N
2004.0,Unprovoked,Surfing,M,,N
2004.0,Unprovoked,Surfing,M,20,N
2004.0,Unprovoked,Swimming,M,61,N
2004.0,Unprovoked,Snorkeling,F,,N
2004.0,Unprovoked,Surfing,M,51,N
2004.0,Unprovoked,Swimming,M,29,Y
2004.0,Unprovoked,Surfing,M,15,N
2004.0,Unprovoked,Swimming,M,,N
2004.0,Unprovoked,Snorkeling,M,,Y
2004.0,Unprovoked,Snorkeling,M,22,N
2004.0,Unprovoked,Surfing,M,21,N
2004.0,Unprovoked,Swimming,M,,N
2004.0,Unprovoked,Diving,M,,N
2004.0,Unprovoked,Surfing,M,22,N
2004.0,Unprovoked,Surfing,M,,N
2003.0,Unprovoked,Swimming,M,13,N
2003.0,Unprovoked,Swimming,M,,N
2003.0,Unprovoked,Swimming,M,,N
2003.0,Unprovoked,Surfing,F,35,N
2003.0,Unprovoked,Surfing,M,24,N
2003.0,Unprovoked,Snorkeling,M,,N
2003.0,Unprovoked,Surfing,M,18,N
2003.0,Unprovoked,Surfing,M,22,N
2003.0,Unprovoked,Surfing,F,13,N
2003.0,Unprovoked,Surfing,M,46,N
2003.0,Unprovoked,Surfing,M,19,N
2003.0,Unprovoked,Surfing,F,,N
2003.0,Unprovoked,Surfing,M,18,N
2003.0,Provoked,Surfing,M,30,N
2003.0,Unprovoked,Surfing,M,16,N
2003.0,Unprovoked,Surfing,M,21,N
2003.0,Unprovoked,Surfing,M,19,N
2003.0,Unprovoked,Surfing,M,17,N
2003.0,Unprovoked,Surfing,M,30,N
2003.0,Unprovoked,Surfing,M,18,N
2003.0,Unprovoked,Surfing,M,21,N
2003.0,Unprovoked,Snorkeling,M,,N
2003.0,Unprovoked,Surfing,M,17,N
2003.0,Unprovoked,Surfing,M,15,N
2003.0,Unprovoked,Swimming,M,51,N
2003.0,Unprovoked,Surfing,M,18,N
2003.0,Unprovoked,Swimming,M,20,N
2003.0,Provoked,Surfing,M,34,N
2003.0,Unprovoked,Surfing,M,17,N
2003.0,Unprovoked,Swimming,M,7,N
2003.0,Unprovoked,Surfing,M,36,N
2003.0,Unprovoked,Surfing,M,17,N
2003.0,Unprovoked,Surfing,M,30,N
2003.0,Unprovoked,Surfing,M,23,N
2003.0,Unprovoked,Surfing,M,18,N
2003.0,Unprovoked,Surfing,M,12,N
2003.0,Unprovoked,Surfing,M,28,N
2003.0,Unprovoked,Surfing,M,,N
2003.0,Unprovoked,Surfing,M,50,N
2003.0,Unprovoked,Swimming,M,54,N
2003.0,Unprovoked,Swimming,M,24,N
2003.0,Unprovoked,Swimming,M,84,Y
2003.0,Unprovoked,Surfing,M,,N
2003.0,Unprovoked,Surfing,F,,N
2002.0,Unprovoked,Snorkeling,F,18,N
2002.0,Unprovoked,Snorkeling,M,25,N
2002.0,Unprovoked,Swimming,M,23,Y
2002.0,Unprovoked,Surfing,M,19,Y
2002.0,Unprovoked,Swimming,F,34,N
2002.0,Unprovoked,Snorkeling,F,41,N
2002.0,Unprovoked,Surfing,M,21,N
2002.0,Unprovoked,Swimming,F,60,N
2002.0,Unprovoked,Swimming,M,36,Y
2002.0,Unprovoked,Surfing,M,21,N
2002.0,Unprovoked,Surfing,M,14,N
2002.0,Unprovoked,Surfing,M,35,N
2002.0,Unprovoked,Surfing,M,18,N
2002.0,Unprovoked,Surfing,M,47,N
2002.0,Unprovoked,Surfing,M,32,N
2002.0,Provoked,Swimming,M, ,N
2002.0,Unprovoked,Surfing,M,35,N
2002.0,Unprovoked,Swimming,M,19,N
2002.0,Unprovoked,Surfing,M,16,N
2002.0,Unprovoked,Swimming,F,29,N
2002.0,Unprovoked,Surfing,M,27,N
2002.0,Unprovoked,Surfing,M,15,N
2002.0,Provoked,Diving,M,30,N
2002.0,Unprovoked,Surfing,M,13,N
2002.0,Unprovoked,Swimming,F,15,N
2002.0,Provoked,Surfing,M,19,N
2002.0,Unprovoked,Surfing,M,22,N
2002.0,Unprovoked,Surfing,M,30,N
2002.0,Unprovoked,Swimming,F,11,N
2002.0,Unprovoked,Surfing,M,28,N
2002.0,Unprovoked,Surfing,M,50,N
2002.0,Unprovoked,Swimming,M,10,N
2002.0,Unprovoked,Surfing,M,24,N
2002.0,Unprovoked,Surfing,M,,N
2002.0,Unprovoked,Surfing,M,40,N
2002.0,Unprovoked,Surfing,M,28,N
2002.0,Unprovoked,Swimming,M,45,N
2002.0,Unprovoked,Swimming,M,16,Y
2002.0,Unprovoked,Snorkeling,M,39,N
2002.0,Unprovoked,Surfing,M,31,N
2002.0,Unprovoked,Surfing,M,30 or 36,N
2002.0,Unprovoked,Surfing,M,20,N
2002.0,Unprovoked,Swimming,M,32,N
2002.0,Unprovoked,Snorkeling,M,35,N
2001.0,Invalid,Surfing,M,36,N
2001.0,Unprovoked,Surfing,M,49,N
2001.0,Unprovoked,Snorkeling,F,20,N
2001.0,Unprovoked,Surfing,M,14,N
2001.0,Unprovoked,Surfing,M,16,N
2001.0,Provoked,Diving,M,,N
2001.0,Unprovoked,Swimming,F,23,N
2001.0,Unprovoked,Surfing,M,17,N
2001.0,Unprovoked,Surfing,M,27,N
2001.0,Unprovoked,Surfing,M,32,N
2001.0,Unprovoked,Surfing,F,17,N
2001.0,Unprovoked,Surfing,F,17,N
2001.0,Unprovoked,Surfing,M,20,N
2001.0,Unprovoked,Surfing,M,19,N
2001.0,Unprovoked,Surfing,M,19,N
2001.0,Unprovoked,Swimming,M,36,N
2001.0,Unprovoked,Surfing,M,48,N
2001.0,Unprovoked,Surfing,M,42,N
2001.0,Unprovoked,Swimming,M,8,N
2001.0,Unprovoked,Swimming,M,14,N
2001.0,Unprovoked,Swimming,M,11,N
2001.0,Unprovoked,Swimming,M,,N
2001.0,Unprovoked,Surfing,M,26,N
2001.0,Unprovoked,Surfing,M,33 or 37,N
2001.0,Unprovoked,Surfing,M,45,N
2001.0,Unprovoked,Surfing,M,16,N
2001.0,Unprovoked,Surfing,M,12,N
2001.0,Unprovoked,Surfing,M,38,N
2001.0,Unprovoked,Surfing,M,21,N
2001.0,Unprovoked,Surfing,M,22,N
2001.0,Unprovoked,Surfing,M,19,N
2001.0,Unprovoked,Surfing,M,22,N
2001.0,Unprovoked,Surfing,M,,N
2001.0,Unprovoked,Surfing,M,46,N
2001.0,Provoked,Snorkeling,M,,N
2001.0,Unprovoked,Surfing,M,40,N
2001.0,Unprovoked,Surfing,M,,N
2001.0,Unprovoked,Swimming,M,20,Y
2001.0,Unprovoked,Surfing,M,40,N
2001.0,Unprovoked,Swimming,F,55,N
2001.0,Unprovoked,Surfing,M,,N
2000.0,Unprovoked,Surfing,F,,Y
2000.0,Unprovoked,Swimming,M,73,N
2000.0,Unprovoked,Swimming,M,52,N
2000.0,Unprovoked,Swimming,M,49,Y
2000.0,Unprovoked,Surfing,M,27,N
2000.0,Unprovoked,Surfing,M,23,N
2000.0,Unprovoked,Swimming,M,69,N
2000.0,Unprovoked,Surfing,M,17,N
2000.0,Unprovoked,Surfing,M,23,N
2000.0,Unprovoked,Surfing,M,24,N
2000.0,Unprovoked,Surfing,M,17,Y
2000.0,Unprovoked,Surfing,M,25,Y
2000.0,Unprovoked,Surfing,M,31,Y
2000.0,Unprovoked,Surfing,F,26,N
2000.0,Unprovoked,Swimming,M,8,N
2000.0,Unprovoked,Swimming,M,28,Y
2000.0,Unprovoked,Surfing,M,27,N
2000.0,Unprovoked,Swimming,M,47,N
2000.0,Unprovoked,Snorkeling,F,45,N
2000.0,Unprovoked,Surfing,M,16,N
2000.0,Unprovoked,Surfing,M,14,N
2000.0,Unprovoked,Surfing,M,15,N
2000.0,Unprovoked,Surfing,M,18,N
2000.0,Unprovoked,Surfing,M,,N
2000.0,Unprovoked,Surfing,M,17,N
2000.0,Unprovoked,Swimming,M,55,N
2000.0,Unprovoked,Snorkeling,M,13,N
2000.0,Unprovoked,Swimming,M,,Y
2000.0,Unprovoked,Diving,M,,Y
2000.0,Unprovoked,Swimming,M,26,N
2000.0,Unprovoked,Surfing,M,37,N
2000.0,Unprovoked,Surfing,M,,N
2000.0,Unprovoked,Swimming,M,,N
2000.0,Unprovoked,Surfing,M,12,N
2000.0,Unprovoked,Surfing,M,26,N
2000.0,Unprovoked,Diving,M,35,Y
1999.0,Unprovoked,Surfing,M,15,N
1999.0,Unprovoked,Swimming,F,13,N
1999.0,Unprovoked,Bathing,F,12,N
1999.0,Unprovoked,Surfing,M,18,N
1999.0,Unprovoked,Surfing,M,35,N
1999.0,Unprovoked,Surfing,M,19,N
1999.0,Unprovoked,Swimming,F,51,N
1999.0,Unprovoked,Surfing,M,35,N
1999.0,Unprovoked,Swimming,M,12,N
1999.0,Unprovoked,Swimming,M,12,N
1999.0,Unprovoked,Surfing,M,,N
1999.0,Unprovoked,Surfing,M,13,N
1999.0,Unprovoked,Surfing,M,28,N
1999.0,Unprovoked,Surfing,M,,N
1999.0,Unprovoked,Surfing,M,17,N
1999.0,Unprovoked,Surfing,M,42,N
1999.0,Unprovoked,Surfing,M,43,N
1999.0,Unprovoked,Surfing,M,29,N
1999.0,Unprovoked,Surfing,M,21,N
1999.0,Unprovoked,Swimming,M,41,N
1999.0,Unprovoked,Surfing,M,21,N
1999.0,Unprovoked,Swimming,F,41,N
1999.0,Unprovoked,Surfing,M,14,N
1999.0,Unprovoked,Surfing,M,35,N
1999.0,Unprovoked,Surfing,M,25,N
1998.0,Provoked,Surfing,M,19,N
1998.0,Unprovoked,Surfing,M,18,N
1998.0,Unprovoked,Surfing,F,21,N
1998.0,Unprovoked,Swimming,M,9,Y
1998.0,Unprovoked,Surfing,M,14,N
1998.0,Unprovoked,Surfing,M,32,N
1998.0,Unprovoked,Surfing,M,22,Y
1998.0,Unprovoked,Swimming,F,17,N
1998.0,Unprovoked,Surfing,M,30,N
1998.0,Unprovoked,Surfing,M,,N
1998.0,Unprovoked,Surfing,M,17,N
1998.0,Unprovoked,Surfing,M,6,N
1998.0,Unprovoked,Surfing,M,18,N
1998.0,Unprovoked,Surfing,M,28,N
1998.0,Unprovoked,Surfing,M,26,N
1998.0,Unprovoked,Surfing,M,,N
1998.0,Unprovoked,Surfing,M,13,N
1998.0,Unprovoked,Surfing,M,16,N
1998.0,Unprovoked,Surfing,M,10,N
1998.0,Unprovoked,Surfing,M,18,N
1998.0,Unprovoked,Surfing,M,,N
1998.0,Unprovoked,Surfing,M,17,N
1998.0,Unprovoked,Surfing,M,40,N
1998.0,Unprovoked,Swimming,F,14,N
1998.0,Unprovoked,Swimming,M,40,N
1998.0,Unprovoked,Swimming,M,,N
1998.0,Unprovoked,Bathing,M,,Y
1998.0,Unprovoked,Surfing,M,21,N
1998.0,Unprovoked,Surfing,M,,N
1998.0,Unprovoked,Surfing,M,23,N
1998.0,Unprovoked,Surfing,M,28,Y
1997.0,Unprovoked,Swimming,M,8,N
1997.0,Unprovoked,Swimming,M,32,N
1997.0,Unprovoked,Surfing,M,23,N
1997.0,Unprovoked,Surfing,M,12,N
1997.0,Unprovoked,Swimming,F,14,N
1997.0,Unprovoked,Swimming,M,20,Y
1997.0,Unprovoked,Surfing,M,12,N
1997.0,Unprovoked,Surfing,M,20,N
1997.0,Unprovoked,Surfing,M,18,N
1997.0,Unprovoked,Surfing,M,,N
1997.0,Unprovoked,Surfing,M,19,N
1997.0,Unprovoked,Surfing,M,25,Y
1997.0,Unprovoked,Surfing,M,,N
1997.0,Unprovoked,Snorkeling,F,47,N
1997.0,Unprovoked,Surfing,M,18,N
1997.0,Unprovoked,Bathing,M,,UNKNOWN
1997.0,Unprovoked,Surfing,M,34,N
1997.0,Unprovoked,Surfing,M,12,N
1997.0,Unprovoked,Swimming,F,21,N
1997.0,Unprovoked,Snorkeling,M,27,N
1996.0,Unprovoked,Surfing,M,18,UNKNOWN
1996.0,Unprovoked,Surfing,M,,N
1996.0,Unprovoked,Surfing,M,45,N
1996.0,Unprovoked,Surfing,M,26,N
1996.0,Unprovoked,Surfing,M,,N
1996.0,Unprovoked,Surfing,M,22,N
1996.0,Unprovoked,Surfing,M,21,N
1996.0,Unprovoked,Surfing,M,31,N
1996.0,Unprovoked,Swimming,M,14,N
1996.0,Unprovoked,Swimming,M,52,Y
1996.0,Unprovoked,Swimming,M,46,N
1996.0,Unprovoked,Swimming,M,9,N
1996.0,Unprovoked,Diving,M,24,N
1996.0,Unprovoked,Surfing,M,,N
1996.0,Unprovoked,Surfing,M,,N
1996.0,Unprovoked,Surfing,M,17,N
1996.0,Unprovoked,Surfing,M,22,N
1996.0,Unprovoked,Surfing,M,27,N
1996.0,Unprovoked,Swimming,M,11,N
1996.0,Unprovoked,Swimming,F,16,N
1996.0,Unprovoked,Swimming,M,,Y
1996.0,Unprovoked,Swimming,M,7,N
1996.0,Unprovoked,Swimming,F,13,N
1996.0,Unprovoked,Surfing,M,25,Y
1996.0,Unprovoked,Surfing,M,,N
1995.0,Unprovoked,Surfing,M,17,N
1995.0,Unprovoked,Surfing,M,39,N
1995.0,Unprovoked,Surfing,M,14,N
1995.0,Unprovoked,Surfing,M,17,N
1995.0,Unprovoked,Surfing,M,19,N
1995.0,Unprovoked,Swimming,F,19,N
1995.0,Unprovoked,Surfing,M,19,N
1995.0,Unprovoked,Surfing,M,,N
1995.0,Unprovoked,Surfing,M,16,N
1995.0,Unprovoked,Surfing,M,18,N
1995.0,Unprovoked,Swimming,M,16,N
1995.0,Unprovoked,Surfing,M,19,N
1995.0,Unprovoked,Surfing,M,20,N
1995.0,Unprovoked,Surfing,M,,N
1995.0,Unprovoked,Surfing,M,,N
1995.0,Unprovoked,Surfing,M,18,N
1995.0,Unprovoked,Swimming,F,7,N
1995.0,Unprovoked,Surfing,M,18,Y
1984.0,Unprovoked,Surfing,M,14,N
1995.0,Unprovoked,Surfing,M,34,N
1995.0,Unprovoked,Surfing,M,,N
1995.0,Unprovoked,Swimming,M,45,N
1995.0,Unprovoked,Swimming,F,10,N
1995.0,Unprovoked,Swimming,M,38,N
1995.0,Unprovoked,Swimming,F,45,Y
1995.0,Unprovoked,Swimming,M,29,Y
1995.0,Unprovoked,Surfing,M,15,N
1995.0,Unprovoked,Diving,M,,N
1995.0,Unprovoked,Surfing,M,35,N
1995.0,Unprovoked,Swimming,M,22,N
1995.0,Unprovoked,Swimming,M,14,Y
1995.0,Unprovoked,Surfing,M,17,N
1995.0,Provoked,Snorkeling,M,,N
1994.0,Unprovoked,Surfing,M,,N
1994.0,Unprovoked,Surfing,M,,N
1994.0,Unprovoked,Surfing,M,,Y
1994.0,Unprovoked,Surfing,M,,N
1994.0,Unprovoked,Surfing,M,16,N
1994.0,Unprovoked,Swimming,F,30,N
1994.0,Unprovoked,Surfing,M,43,N
1994.0,Unprovoked,Surfing,M,15,N
1994.0,Unprovoked,Swimming,M,,Y
1994.0,Unprovoked,Surfing,M,22,Y
1994.0,Unprovoked,Surfing,M,31,N
1994.0,Unprovoked,Surfing,M,,N
1994.0,Unprovoked,Surfing,M,15,N
1994.0,Unprovoked,Surfing,M,24,N
1994.0,Unprovoked,Surfing,M, 28,N
1994.0,Unprovoked,Surfing,M,22,N
1994.0,Unprovoked,Surfing,M,25,N
1994.0,Unprovoked,Surfing,M,23,N
1994.0,Unprovoked,Surfing,M,15,N
1994.0,Unprovoked,Swimming,M,,N
1994.0,Unprovoked,Surfing,M,,Y
1994.0,Unprovoked,Surfing,M,,N
1993.0,Unprovoked,Surfing,M,,Y
1993.0,Unprovoked,Swimming,M,30,N
1993.0,Unprovoked,Surfing,M,26,N
1993.0,Unprovoked,Swimming,F,26,N
1993.0,Unprovoked,Swimming,M,21,Y
1993.0,Unprovoked,Surfing,M,17,Y
1993.0,Unprovoked,Swimming,M,69,N
1993.0,Unprovoked,Surfing,M,28,N
1993.0,Unprovoked,Swimming,M,,Y
1993.0,Unprovoked,Swimming,M,61,Y
1993.0,Unprovoked,Swimming,M,42,Y
1993.0,Unprovoked,Swimming,F,60's,N
1993.0,Unprovoked,Swimming,F,,Y
1993.0,Unprovoked,Surfing,M,,N
1993.0,Unprovoked,Surfing,M,29,N
1993.0,Unprovoked,Surfing,M,,N
1992.0,Unprovoked,Surfing,M,19,N
1992.0,Unprovoked,Surfing,M,24,N
1992.0,Unprovoked,Surfing,M,17,N
1992.0,Unprovoked,Surfing,M,28,N
1992.0,Unprovoked,Surfing,M,28,Y
1992.0,Unprovoked,Surfing,M,20,N
1992.0,Unprovoked,Swimming,M,,Y
1992.0,Unprovoked,Surfing,M,17,N
1992.0,Unprovoked,Surfing,M,22,N
1992.0,Provoked,Snorkeling,M,26,N
1992.0,Unprovoked,Surfing,M,,N
1992.0,Unprovoked,Surfing,M,,N
1992.0,Unprovoked,Swimming,M,,Y
1992.0,Unprovoked,Surfing,M,16,Y
1992.0,Unprovoked,Swimming,F,21,N
1992.0,Unprovoked,Surfing,M,,Y
1992.0,Unprovoked,Snorkeling,M,,N
1992.0,Unprovoked,Surfing,M,35,N
1992.0,Unprovoked,Surfing,M,17,N
1991.0,Unprovoked,Snorkeling,F,41,Y
1991.0,Unprovoked,Snorkeling,F,,N
1991.0,Unprovoked,Surfing,M,21,N
1991.0,Unprovoked,Surfing,M,32,N
1991.0,Unprovoked,Swimming,M,23,N
1991.0,Unprovoked,Snorkeling,M,39,N
1991.0,Unprovoked,Swimming,M,22,N
1991.0,Unprovoked,Surfing,M,30,N
1991.0,Unprovoked,Surfing,M,32,N
1991.0,Unprovoked,Surfing,M,18,N
1991.0,Unprovoked,Surfing,M,38,N
1991.0,Unprovoked,Swimming,M,35,N
1990.0,Unprovoked,Surfing,M,24,N
1990.0,Unprovoked,Surfing,M,50,N
1990.0,Unprovoked,Surfing,M,18,N
1990.0,Unprovoked,Swimming,M,26,N
1990.0,Unprovoked,Surfing,M,,N
1990.0,Unprovoked,Surfing,M,25,N
1990.0,Unprovoked,Surfing,M,43,N
1990.0,Unprovoked,Surfing,M,19,N
1990.0,Unprovoked,Surfing,M,22,N
1990.0,Unprovoked,Surfing,M,,N
1990.0,Unprovoked,Surfing,M,17,N
1990.0,Unprovoked,Snorkeling,F,30s,N
1990.0,Unprovoked,Surfing,M,31,N
1990.0,Unprovoked,Surfing,M,,N
1990.0,Unprovoked,Surfing,M,29,N
1990.0,Unprovoked,Swimming,M,30,N
1990.0,Unprovoked,Surfing,M,,N
1990.0,Unprovoked,Surfing,M,17,UNKNOWN
1989.0,Unprovoked,Surfing,M,32,N
1989.0,Unprovoked,Swimming,F,31,N
1989.0,Unprovoked,Surfing,M,17,N
1989.0,Unprovoked,Surfing,M,12,N
1989.0,Unprovoked,Surfing,M,,UNKNOWN
1989.0,Unprovoked,Surfing,M,31,N
1989.0,Unprovoked,Swimming,M,21,N
1989.0,Unprovoked,Surfing,M,21,N
1989.0,Unprovoked,Surfing,M,17,N
1989.0,Unprovoked,Surfing,M,34,N
1989.0,Unprovoked,Surfing,M,,Y
1989.0,Unprovoked,Surfing,M,16,N
1989.0,Unprovoked,Surfing,M,16,N
1989.0,Unprovoked,Swimming,M,19,N
1989.0,Unprovoked,Surfing,M,27,Y
1988.0,Unprovoked,Surfing,M,38,N
1988.0,Unprovoked,Surfing,M,15,N
1988.0,Unprovoked,Surfing,M,30,N
1988.0,Unprovoked,Surfing,M,23,N
1988.0,Unprovoked,Surfing,M,15,N
1988.0,Unprovoked,Surfing,M,21,N
1988.0,Unprovoked,Snorkeling,M,38,Y
1988.0,Unprovoked,Surfing,M,27,N
1988.0,Unprovoked,Diving,M,35,N
1988.0,Unprovoked,Swimming,F,15,N
1988.0,Unprovoked,Snorkeling,M,,N
1988.0,Unprovoked,Swimming,M,12,N
1988.0,Unprovoked,Surfing,M,25,N
1988.0,Unprovoked,Surfing,M,31,N
1988.0,Unprovoked,Surfing,M,,N
1988.0,Unprovoked,Swimming,M,24,N
1988.0,Unprovoked,Surfing,M,14,N
1988.0,Unprovoked,Surfing,M,17,N
1988.0,Unprovoked,Surfing,M,,N
1988.0,Unprovoked,Surfing,M,20,N
1988.0,Unprovoked,Diving,M,22,N
1988.0,Unprovoked,Surfing,M,12,N
1987.0,Unprovoked,Surfing,M,16,N
1987.0,Unprovoked,Surfing,M,15,N
1987.0,Unprovoked,Surfing,M,20,N
1987.0,Unprovoked,Surfing,M,24,N
1987.0,Unprovoked,Surfing,M,27,N
1987.0,Unprovoked,Snorkeling,M,35,N
1987.0,Unprovoked,Surfing,M,,N
1987.0,Unprovoked,Swimming,F,16,N
1987.0,Unprovoked,Swimming,M,8,Y
1987.0,Unprovoked,Surfing,M,18,N
1987.0,Unprovoked,Swimming,M,37,N
1986.0,Unprovoked,Surfing,M,40,N
1986.0,Unprovoked,Surfing,M,17,N
1986.0,Unprovoked,Surfing,M,26,N
1986.0,Unprovoked,Surfing,M,23,N
1986.0,Unprovoked,Swimming,F,6,N
1986.0,Unprovoked,Surfing,M,28,N
1986.0,Unprovoked,Diving,M,,N
1986.0,Unprovoked,Surfing,M,23,N
1986.0,Unprovoked,Surfing,M,21,N
1986.0,Unprovoked,Surfing,M,,N
1986.0,Unprovoked,Swimming,M,46,N
1986.0,Unprovoked,Surfing,M,29,N
1986.0,Unprovoked,Surfing,M,22,N
1986.0,Unprovoked,Surfing,M,16,N
1985.0,Unprovoked,Surfing,M,,N
1985.0,Unprovoked,Surfing,M,15,N
1985.0,Unprovoked,Snorkeling,M,13,N
1985.0,Unprovoked,Surfing,M,25,N
1985.0,Unprovoked,Surfing,M,16,N
1985.0,Unprovoked,Swimming,M,15,N
1985.0,Unprovoked,Surfing,M,18,N
1984.0,Unprovoked,Surfing,M,13,N
1984.0,Unprovoked,Surfing,M,15,N
1984.0,Unprovoked,Surfing,M,17,N
1984.0,Unprovoked,Swimming,M,Elderly,N
1984.0,Unprovoked,Surfing,M,16,N
1984.0,Unprovoked,Swimming,F,13,N
1984.0,Unprovoked,Swimming,F,18,N
1984.0,Unprovoked,Surfing,M,27,N
1984.0,Unprovoked,Swimming,M,20s,Y
1984.0,Unprovoked,Surfing,M,,N
1984.0,Unprovoked,Swimming,M,14,N
1984.0,Unprovoked,Surfing,M,,N
1983.0,Unprovoked,Surfing,M,17,N
1983.0,Unprovoked,Swimming,M,16,N
1983.0,Unprovoked,Swimming,M,47,N
1983.0,Unprovoked,Surfing,M,15,N
1983.0,Unprovoked,Surfing,M,16,N
1983.0,Unprovoked,Surfing,M,,N
1983.0,Unprovoked,Swimming,F,14,N
1983.0,Unprovoked,Diving,F,22,N
1983.0,Unprovoked,Surfing,M,,N
1983.0,Unprovoked,Swimming,M,42,N
1983.0,Unprovoked,Surfing,M,15,N
1983.0,Unprovoked,Surfing,M,22,N
1983.0,Unprovoked,Surfing,M,,UNKNOWN
1983.0,Unprovoked,Surfing,M,16,N
1983.0,Unprovoked,Surfing,M,,N
1983.0,Unprovoked,Surfing,M,,N
1983.0,Unprovoked,Swimming,M,,N
1982.0,Unprovoked,Surfing,M,16,N
1982.0,Unprovoked,Surfing,M,16,N
1982.0,Unprovoked,Surfing,M,20,N
1982.0,Unprovoked,Diving,M,36,N
1982.0,Unprovoked,Swimming,F,18,N
1982.0,Unprovoked,Swimming,M,17,N
1982.0,Unprovoked,Swimming,F,19,N
1982.0,Unprovoked,Surfing,M,27,Y
1982.0,Unprovoked,Swimming,M,20,N
1982.0,Unprovoked,Surfing,M,16,N
1982.0,Unprovoked,Surfing,M,20,Y
1982.0,Unprovoked,Surfing,M,18,N
1982.0,Unprovoked,Swimming,F,,N
1982.0,Unprovoked,Swimming,F,75,Y
1982.0,Unprovoked,Diving,M,29,Y
1982.0,Unprovoked,Swimming,M,20,N
1981.0,Unprovoked,Surfing,M,24,Y
1981.0,Unprovoked,Swimming,M,19,N
1981.0,Unprovoked,Surfing,M,,UNKNOWN
1981.0,Unprovoked,Surfing,M,17,N
1981.0,Unprovoked,Surfing,M,24,N
1981.0,Unprovoked,Surfing,M,28,N
1981.0,Unprovoked,Surfing,M,,N
1981.0,Unprovoked,Swimming,M,26,Y
1981.0,Unprovoked,Surfing,M,25,N
1981.0,Unprovoked,Surfing,M,24,N
1981.0,Unprovoked,Surfing,M,15,N
1981.0,Unprovoked,Diving,M,,N
1981.0,Unprovoked,Swimming,F,16,N
1981.0,Unprovoked,Surfing,M,32,N
1981.0,Unprovoked,Surfing,M,27,N
1981.0,Unprovoked,Diving,M,,N
1981.0,Unprovoked,Surfing,M,19,N
1981.0,Unprovoked,Surfing,M,24,N
1981.0,Unprovoked,Surfing,M,24,N
1981.0,Unprovoked,Swimming,M,30,N
1981.0,Unprovoked,Surfing,M,15,N
1980.0,Unprovoked,Swimming,M,,N
1980.0,Unprovoked,Swimming,M,16,Y
1980.0,Unprovoked,Surfing,M,29,N
1980.0,Unprovoked,Surfing,M,19,N
1980.0,Unprovoked,Surfing,M,,N
1980.0,Unprovoked,Surfing,M,,N
1980.0,Unprovoked,Surfing,M,22,N
1980.0,Unprovoked,Swimming,M,,N
1980.0,Unprovoked,Swimming,M,,N
1980.0,Unprovoked,Swimming,M,25,N
1979.0,Unprovoked,Swimming,M,18,N
1979.0,Unprovoked,Diving,M,32,N
1979.0,Unprovoked,Surfing,M,20,N
1979.0,Unprovoked,Swimming,M,24,N
1979.0,Unprovoked,Surfing,M,27,N
1978.0,Unprovoked,Surfing,M,,N
1978.0,Unprovoked,Surfing,M,17,N
1978.0,Unprovoked,Diving,M,,N
1978.0,Unprovoked,Surfing,M,20,N
1978.0,Unprovoked,Surfing,M,17,N
1978.0,Unprovoked,Diving,M,25,N
1978.0,Unprovoked,Diving,M,23,N
1978.0,Unprovoked,Diving,M,,N
1978.0,Unprovoked,Surfing,M,17,N
1978.0,Unprovoked,Surfing,F,,N
1978.0,Unprovoked,Swimming,F,,Y
1977.0,Unprovoked,Surfing,M,27,N
1977.0,Unprovoked,Surfing,M,18,N
1977.0,Unprovoked,Surfing,M,17,N
1977.0,Unprovoked,Swimming,M,,N
1977.0,Unprovoked,Swimming,M,31,N
1977.0,Unprovoked,Swimming,M,,Y
1976.0,Unprovoked,Surfing,M,19,N
1976.0,Unprovoked,Surfing,M,25,N
1976.0,Unprovoked,Surfing,M,20,N
1976.0,Unprovoked,Swimming,M,16,Y
1976.0,Unprovoked,Swimming,M,,Y
1976.0,Unprovoked,Surfing,M,15,N
1976.0,Unprovoked,Surfing,M,19,N
1976.0,Unprovoked,Swimming,M,,N
1975.0,Unprovoked,Surfing,M,18,N
1975.0,Unprovoked,Surfing,M,20,N
1975.0,Unprovoked,Surfing,M,19,N
1975.0,Unprovoked,Surfing,M,21,N
1975.0,Unprovoked,Swimming,F,14,N
1975.0,Unprovoked,Surfing,M,16,N
1975.0,Unprovoked,Surfing,M,20,N
1975.0,Unprovoked,Surfing,M,17,N
1975.0,Unprovoked,Bathing,F,10,N
1975.0,Unprovoked,Surfing,M,16,N
1975.0,Unprovoked,Surfing,M,17,Y
1974.0,Unprovoked,Surfing,M,17,N
1974.0,Unprovoked,Swimming,F,20,N
1974.0,Unprovoked,Surfing,M,24,N
1974.0,Unprovoked,Surfing,M,,N
1974.0,Unprovoked,Swimming,M,17,Y
1974.0,Unprovoked,Swimming,F,61,N
1974.0,Unprovoked,Swimming,F,11,N
1974.0,Unprovoked,Surfing,M,17,N
1974.0,Unprovoked,Surfing,M,21,N
1974.0,Unprovoked,Swimming,M,14,N
1974.0,Unprovoked,Swimming,M,19,N
1974.0,Unprovoked,Swimming,M,33,N
1974.0,Unprovoked,Swimming,M,,Y
1974.0,Unprovoked,Swimming,M,32,Y
1973.0,Unprovoked,Swimming,M,19,Y
1973.0,Unprovoked,Swimming,M,,N
1973.0,Unprovoked,Surfing,M,13,N
1973.0,Unprovoked,Surfing,M,16,N
1973.0,Unprovoked,Surfing,M,,N
1973.0,Unprovoked,Surfing,M,13,N
1972.0,Unprovoked,Swimming,M,25,N
1972.0,Unprovoked,Swimming,M,,N
1972.0,Unprovoked,Surfing,M,19,N
1972.0,Unprovoked,Surfing,M,17,N
1972.0,Unprovoked,Swimming,M,17,N
1972.0,Unprovoked,Surfing,M,,N
1972.0,Unprovoked,Surfing,M,15,N
1972.0,Unprovoked,Surfing,M,22,N
1972.0,Unprovoked,Swimming,M,25,Y
1972.0,Unprovoked,Swimming,M,19,Y
1972.0,Unprovoked,Surfing,M,18,N
1972.0,Unprovoked,Swimming,M,20,Y
1971.0,Unprovoked,Swimming,F,16,N
1971.0,Unprovoked,Surfing,M,18,N
1971.0,Unprovoked,Swimming,M,25,N
1971.0,Unprovoked,Swimming,M,34,Y
1971.0,Unprovoked,Surfing,M,21,N
1971.0,Unprovoked,Swimming,M,16,N
1971.0,Unprovoked,Swimming,M,>50,Y
1971.0,Unprovoked,Surfing,M,19,Y
1971.0,Unprovoked,Surfing,M,16,N
1971.0,Unprovoked,Swimming,M,,N
1971.0,Unprovoked,Surfing,M,15,N
1970.0,Unprovoked,Surfing,M,,N
1970.0,Unprovoked,Diving,M,43,N
1970.0,Unprovoked,Swimming,M,,N
1970.0,Unprovoked,Swimming,M,14,Y
1970.0,Unprovoked,Swimming,M,,UNKNOWN
1970.0,Unprovoked,Swimming,M,14,N
1970.0,Unprovoked,Swimming,M,16,N
1970.0,Unprovoked,Swimming,M,12,N
1970.0,Unprovoked,Swimming,M,10,N
1970.0,Unprovoked,Swimming,M,22,N
1970.0,Unprovoked,Swimming,M,35,Y
1969.0,Unprovoked,Swimming,M,15,N
1969.0,Unprovoked,Diving,M,,N
1969.0,Unprovoked,Surfing,M,15,N
1969.0,Unprovoked,Diving,M,27,N
1969.0,Provoked,Diving,M,23,N
1969.0,Unprovoked,Surfing,M,18,UNKNOWN
1969.0,Unprovoked,Surfing,M,16,N
1968.0,Unprovoked,Surfing,M,17,N
1968.0,Unprovoked,Swimming,M,12,N
1968.0,Unprovoked,Swimming,M,7,Y
1968.0,Unprovoked,Surfing,M,20,N
1968.0,Unprovoked,Surfing,M,17,N
1968.0,Unprovoked,Swimming,F,14,N
1967.0,Unprovoked,Surfing,M,22,N
1967.0,Unprovoked,Swimming,M,59,Y
1967.0,Unprovoked,Swimming,M,17,N
1967.0,Unprovoked,Snorkeling,M,20,N
1966.0,Unprovoked,Swimming,F,13,Y
1966.0,Unprovoked,Bathing,F,8,Y
1966.0,Unprovoked,Snorkeling,F,18,N
1966.0,Unprovoked,Swimming,F,13,Y
1966.0,Unprovoked,Swimming,M,33,Y
1966.0,Unprovoked,Swimming,M,20,Y
1966.0,Unprovoked,Swimming,F,25,Y
1966.0,Unprovoked,Swimming,M,18,N
1966.0,Unprovoked,Swimming,M,25,N
1966.0,Unprovoked,Swimming,M,35,N
1965.0,Unprovoked,Surfing,M,24,N
1965.0,Unprovoked,Swimming,M,15,N
1965.0,Unprovoked,Bathing,M,25,Y
1965.0,Unprovoked,Swimming,M,38,N
1965.0,Unprovoked,Swimming,M,,Y
1965.0,Unprovoked,Swimming,M,,Y
1965.0,Unprovoked,Diving,M,,N
1965.0,Unprovoked,Swimming,M,35,N
1965.0,Unprovoked,Swimming,M,,N
1965.0,Provoked,Surfing,M,Teen,N
1964.0,Unprovoked,Swimming,M,19,N
1964.0,Unprovoked,Swimming,M,32,Y
1964.0,Unprovoked,Swimming,M,20,N
1964.0,Unprovoked,Swimming,M,14,N
1964.0,Unprovoked,Swimming,M,,N
1964.0,Unprovoked,Swimming,M,12,N
1964.0,Unprovoked,Surfing,M,19,N
1964.0,Unprovoked,Swimming,M,19,Y
1964.0,Unprovoked,Swimming,M,,Y
1964.0,Unprovoked,Swimming,F,20,N
1963.0,Unprovoked,Swimming,M,18,Y
1963.0,Provoked,Surfing,M,18,N
1963.0,Unprovoked,Bathing,M,14,N
1963.0,Unprovoked,Swimming,F,42,Y
1963.0,Unprovoked,Swimming,M,25,Y
1963.0,Unprovoked,Swimming,M,15,N
1963.0,Unprovoked,Swimming,M,,N
1962.0,Unprovoked,Swimming,M,20,N
1962.0,Unprovoked,Diving,M,,N
1962.0,Unprovoked,Swimming,M,16,N
1962.0,Unprovoked,Swimming,M,10,Y
1962.0,Provoked,Swimming,M,15,N
1962.0,Unprovoked,Swimming,M,22,Y
1962.0,Unprovoked,Swimming,M,35,N
1962.0,Unprovoked,Surfing,M,19,N
1962.0,Unprovoked,Diving,M,,N
1961.0,Unprovoked,Bathing,M,20,N
1961.0,Unprovoked,Swimming,M,19,Y
1961.0,Unprovoked,Swimming,M,16,N
1971.0,Unprovoked,Swimming,M,16,N
1961.0,Unprovoked,Swimming,M,37,N
1961.0,Provoked,Diving,M,,N
1961.0,Unprovoked,Swimming,M,24,N
1961.0,Unprovoked,Swimming,M,14,Y
1961.0,Unprovoked,Swimming,M,15,N
1961.0,Unprovoked,Swimming,M,,N
1960.0,Unprovoked,Swimming,M,25,Y
1960.0,Unprovoked,Swimming,M,41,N
1960.0,Unprovoked,Swimming,M,24,N
1960.0,Unprovoked,Surfing,M,17,N
1960.0,Unprovoked,Bathing,M,,N
1960.0,Unprovoked,Swimming,F,5,Y
1959.0,Unprovoked,Swimming,M,X,Y
1959.0,Unprovoked,Swimming,M,13 or 18,Y
1959.0,Unprovoked,Swimming,M,13,N
1959.0,Unprovoked,Swimming,M,18,N
1959.0,Unprovoked,Swimming,M,,Y
1958.0,Unprovoked,Swimming,M,14,Y
1958.0,Unprovoked,Swimming,M,21,Y
1958.0,Unprovoked,Swimming,F,,N
1958.0,Unprovoked,Swimming,F,,Y
1958.0,Unprovoked,Swimming,M,21,Y
1958.0,Unprovoked,Swimming,M,38,Y
1958.0,Unprovoked,Diving,M,29,N
1958.0,Unprovoked,Swimming,M,,Y
1957.0,Unprovoked,Swimming,M,57,Y
1957.0,Unprovoked,Swimming,M,25,Y
1957.0,Unprovoked,Surfing,M,15,N
1956.0,Unprovoked,Swimming,M,,Y
1956.0,Provoked,Diving,M,,N
1956.0,Unprovoked,Swimming,M,40,Y
1956.0,Unprovoked,Swimming,M,7,N
1956.0,Unprovoked,Bathing,M,13,N
1956.0,Unprovoked,Swimming,M,8,N
1956.0,Unprovoked,Swimming,M,33,Y
1956.0,Unprovoked,Diving,M,,N
1956.0,Unprovoked,Swimming,F,14,UNKNOWN
1955.0,Unprovoked,Swimming,M,8,N
1955.0,Provoked,Surfing,M,25,N
1955.0,Unprovoked,Swimming,F,32,Y
1955.0,Unprovoked,Swimming,M,28,Y
1955.0,Unprovoked,Swimming,M,,Y
1955.0,Unprovoked,Swimming,F,,Y
1955.0,Unprovoked,Swimming,M,25,Y
1954.0,Unprovoked,Swimming,M,23,Y
1954.0,Unprovoked,Swimming,M,16,N
1954.0,Unprovoked,Swimming,M,35,N
1954.0,Unprovoked,Swimming,M,20,Y
1954.0,Unprovoked,Swimming,M,,Y
1954.0,Unprovoked,Swimming,M,22,N
1954.0,Unprovoked,Swimming,M,,Y
1954.0,Unprovoked,Swimming,M,23,Y
1954.0,Unprovoked,Swimming,M,,N
1954.0,Unprovoked,Swimming,M,12,N
1953.0,Unprovoked,Swimming,F,,N
1953.0,Unprovoked,Swimming,M,23,N
1953.0,Unprovoked,Swimming,F,19,N
1952.0,Unprovoked,Swimming,M,,Y
1952.0,Unprovoked,Surfing,M,,N
1952.0,Unprovoked,Swimming,M,,Y
1951.0,Unprovoked,Swimming,M,15,Y
1951.0,Unprovoked,Swimming,M,23,N
1951.0,Unprovoked,Swimming,M,42,Y
1951.0,Unprovoked,Swimming,F,21,Y
1951.0,Unprovoked,Swimming,M,18,N
1951.0,Unprovoked,Swimming,F,16,Y
1951.0,Unprovoked,Swimming,M,14,N
1951.0,Unprovoked,Swimming,M,19,Y
1950.0,Unprovoked,Diving,M,,N
1950.0,Unprovoked,Swimming,M,19,Y
1950.0,Unprovoked,Swimming,M,11,N
1950.0,Unprovoked,Swimming,M,,N
1949.0,Unprovoked,Swimming,M,21,N
1949.0,Unprovoked,Swimming,M,34,Y
1949.0,Unprovoked,Swimming,M,21,N
1949.0,Unprovoked,Swimming,M,18,N
1949.0,Unprovoked,Swimming,M,18,Y
1949.0,Unprovoked,Bathing,F,22,N
1949.0,Unprovoked,Bathing,M,,N
1948.0,Unprovoked,Swimming,M,17,Y
1948.0,Unprovoked,Swimming,M,17,Y
1948.0,Unprovoked,Swimming,M,,N
1948.0,Unprovoked,Swimming,M,15,N
1948.0,Unprovoked,Swimming,M,46,Y
1948.0,Unprovoked,Swimming,M,,N
1948.0,Unprovoked,Swimming,M,16,Y
1947.0,Unprovoked,Swimming,M,12,Y
1947.0,Unprovoked,Swimming,M,13,N
1947.0,Unprovoked,Swimming,M,20,Y
1947.0,Unprovoked,Diving,M,,N
1947.0,Unprovoked,Swimming,M,20,N
1947.0,Unprovoked,Swimming,M,,N
1947.0,Unprovoked,Surfing,M,17,N
1946.0,Unprovoked,Swimming,M,15,N
1946.0,Unprovoked,Bathing,M,14,N
1946.0,Unprovoked,Swimming,M,17,Y
1946.0,Unprovoked,Swimming,M,,N
1946.0,Unprovoked,Swimming,F,14,Y
1945.0,Unprovoked,Bathing,M,,Y
1945.0,Unprovoked,Swimming,M,13,N
1945.0,Unprovoked,Swimming,M,,Y
1945.0,Unprovoked,Swimming,M,,Y
1945.0,Unprovoked,Swimming,M,,N
1945.0,Unprovoked,Diving,M,,N
1945.0,Unprovoked,Swimming,M,15,N
1944.0,Unprovoked,Swimming,M,13,N
1944.0,Unprovoked,Swimming,M,17,Y
1944.0,Unprovoked,Bathing,F,15,N
1944.0,Unprovoked,Bathing,M,12,Y
1944.0,Unprovoked,Surfing,M,14,N
1944.0,Unprovoked,Swimming,M,26,Y
1943.0,Unprovoked,Swimming,M,31,Y
1943.0,Unprovoked,Swimming,M,,N
1943.0,Unprovoked,Swimming,M,22,N
1942.0,Unprovoked,Swimming,M,38,N
1942.0,Unprovoked,Swimming,F,28,Y
1942.0,Unprovoked,Swimming,M,,Y
1941.0,Unprovoked,Swimming,M,10,N
1940.0,Unprovoked,Swimming,M,17,Y
1940.0,Unprovoked,Bathing,M,18,Y
1940.0,Unprovoked,Swimming,M,17,Y
1940.0,Unprovoked,Swimming,M,13,Y
1940.0,Unprovoked,Swimming,M,22,N
1939.0,Unprovoked,Bathing,M,,Y
1939.0,Unprovoked,Diving,M,,N
1938.0,Unprovoked,Swimming,M,19,Y
1938.0,Unprovoked,Swimming,M,,N
1938.0,Unprovoked,Diving,M,17,N
1938.0,Unprovoked,Swimming,M,,N
1937.0,Unprovoked,Swimming,M,21,Y
1937.0,Unprovoked,Swimming,M,14,Y
1937.0,Unprovoked,Swimming,M,32,Y
1936.0,Unprovoked,Swimming,M,15,Y
1936.0,Unprovoked,Swimming,M,,N
1936.0,Unprovoked,Diving,M,,N
1936.0,Unprovoked,Swimming,M,,Y
1936.0,Unprovoked,Diving,M,,N
1936.0,Unprovoked,Swimming,M,14,Y
1935.0,Unprovoked,Swimming,M,38,Y
1935.0,Unprovoked,Swimming,M,,Y
1935.0,Unprovoked,Swimming,F,22,Y
1935.0,Unprovoked,Diving,F,,N
1935.0,Unprovoked,Surfing,M,,N
1935.0,Unprovoked,Swimming,M,27,Y
1934.0,Unprovoked,Bathing,F,38,Y
1934.0,Unprovoked,Swimming,F,18,Y
1934.0,Unprovoked,Swimming,M,11,N
1934.0,Unprovoked,Swimming,M,,Y
1933.0,Unprovoked,Diving,M,,N
1933.0,Unprovoked,Bathing,M,,N
1933.0,Unprovoked,Swimming,F,,N
1933.0,Unprovoked,Swimming,M,24,Y
1933.0,Unprovoked,Swimming,M,38,Y
1932.0,Unprovoked,Swimming,M,24,N
1932.0,Unprovoked,Swimming,M,27,Y
1932.0,Unprovoked,Swimming,M,,N
1932.0,Unprovoked,Swimming,M,,N
1931.0,Unprovoked,Swimming,M,,N
1931.0,Unprovoked,Swimming,M,18,Y
1931.0,Unprovoked,Swimming,M,,N
1931.0,Unprovoked,Swimming,M,,N
1931.0,Unprovoked,Swimming,M,,N
1931.0,Unprovoked,Swimming,M,,N
1931.0,Unprovoked,Swimming,M,18,N
1930.0,Unprovoked,Swimming,M,49,N
1930.0,Unprovoked,Swimming,M,,Y
1930.0,Unprovoked,Swimming,M,38,N
1930.0,Unprovoked,Swimming,M,,N
1930.0,Unprovoked,Swimming,M,29,N
1930.0,Unprovoked,Swimming,M,21,N
1930.0,Unprovoked,Swimming,M,23,N
1930.0,Unprovoked,Swimming,M,,Y
1929.0,Unprovoked,Diving,M,,N
1929.0,Unprovoked,Bathing,M,,N
1929.0,Unprovoked,Swimming,M,,N
1929.0,Unprovoked,Swimming,M,26,N
1929.0,Unprovoked,Bathing,M,,Y
1929.0,Unprovoked,Swimming,M,39,Y
1929.0,Unprovoked,Swimming,M,  ,Y
1929.0,Unprovoked,Bathing,F,,N
1928.0,Unprovoked,Swimming,M,17,Y
1928.0,Unprovoked,Swimming,M,,N
1928.0,Unprovoked,Diving,M,,Y
1928.0,Unprovoked,Bathing,M,15,N
1928.0,Unprovoked,Swimming,F,,N
1928.0,Unprovoked,Swimming,M,,N
1927.0,Unprovoked,Swimming,M,17,Y
1927.0,Unprovoked,Diving,M,,N
1927.0,Unprovoked,Swimming,M,,N
1927.0,Unprovoked,Swimming,M,15,Y
1927.0,Unprovoked,Swimming,M,10,Y
1926.0,Unprovoked,Diving,M,,N
1926.0,Unprovoked,Bathing,M,17,N
1926.0,Unprovoked,Swimming,M,18,Y
1926.0,Unprovoked,Swimming,M,20,Y
1926.0,Unprovoked,Swimming,M,,Y
1926.0,Unprovoked,Swimming,F,,N
1926.0,Unprovoked,Swimming,M,,N
1925.0,Unprovoked,Swimming,F,,N
1925.0,Unprovoked,Swimming,M,16,Y
1925.0,Unprovoked,Swimming,M,A.M.,Y
1925.0,Unprovoked,Swimming,M,,N
1924.0,Unprovoked,Bathing,M,35,Y
1924.0,Unprovoked,Bathing,M,,N
1924.0,Unprovoked,Swimming,M,,N
1924.0,Unprovoked,Swimming,M,22,Y
1924.0,Unprovoked,Swimming,M,,N
1923.0,Unprovoked,Swimming,M,,N
1923.0,Unprovoked,Diving,M,,N
1923.0,Unprovoked,Swimming,M,13,Y
1922.0,Unprovoked,Bathing,F,,Y
1922.0,Unprovoked,Swimming,M,19,Y
1922.0,Unprovoked,Swimming,M,18,N
1922.0,Unprovoked,Swimming,M,,Y
1922.0,Unprovoked,Swimming,M,18,Y
1922.0,Unprovoked,Bathing,M,,Y
1922.0,Unprovoked,Surfing,M,26,Y
1921.0,Unprovoked,Swimming,M,20,N
1921.0,Unprovoked,Swimming,M,21,Y
1920.0,Unprovoked,Diving,M,,N
1919.0,Unprovoked,Swimming,M,29,N
1919.0,Unprovoked,Swimming,M,47,Y
1919.0,Unprovoked,Swimming,M,,N
1919.0,Unprovoked,Swimming,M,,N
1919.0,Unprovoked,Swimming,F,,N
1919.0,Unprovoked,Swimming,F,,N
1918.0,Unprovoked,Bathing,M,22,Y
1918.0,Unprovoked,Surfing,M,,N
1918.0,Unprovoked,Diving,M,,N
1917.0,Unprovoked,Swimming,M,,N
1917.0,Unprovoked,Diving,M,,Y
1917.0,Unprovoked,Swimming,M,,Y
1916.0,Unprovoked,Bathing,M,25,N
1916.0,Unprovoked,Swimming,M,,Y
1916.0,Unprovoked,Bathing,M,27,Y
1916.0,Unprovoked,Swimming,M,,N
1916.0,Unprovoked,Swimming,M,12,N
1916.0,Unprovoked,Swimming,M,10,Y
1916.0,Unprovoked,Diving,M,,N
1916.0,Unprovoked,Bathing,M,,N
1916.0,Unprovoked,Swimming,M,,Y
1916.0,Unprovoked,Swimming,M,24,Y
1916.0,Unprovoked,Swimming,M,10 or 12,N
1916.0,Unprovoked,Swimming,M,,Y
1916.0,Unprovoked,Bathing,M,,N
1915.0,Unprovoked,Diving,M,,N
1915.0,Unprovoked,Bathing,M,10,N
1915.0,Unprovoked,Bathing,M,,N
1915.0,Unprovoked,Swimming,M,,N
1915.0,Unprovoked,Bathing,M,17,Y
1914.0,Unprovoked,Swimming,M,,N
1914.0,Unprovoked,Swimming,M,17,Y
1914.0,Unprovoked,Bathing,M,43,Y
1913.0,Unprovoked,Swimming,M,12,N
1913.0,Unprovoked,Swimming,M,,Y
1913.0,Unprovoked,Diving,M,,N
1913.0,Unprovoked,Swimming,M,,Y
1912.0,Unprovoked,Swimming,M,12,Y
1912.0,Unprovoked,Swimming,M,,N
1912.0,Unprovoked,Bathing,M,,Y
1912.0,Unprovoked,Swimming,M,,N
1912.0,Unprovoked,Swimming,M,18,N
1912.0,Unprovoked,Swimming,M,,N
1912.0,Unprovoked,Swimming,M,21,Y
1912.0,Unprovoked,Bathing,M,,Y
1911.0,Unprovoked,Diving,M,23,N
1911.0,Unprovoked,Bathing,M,,N
1911.0,Unprovoked,Bathing,M,,Y
1911.0,Unprovoked,Bathing,M,64,Y
1911.0,Unprovoked,Swimming,M,,Y
1911.0,Unprovoked,Swimming,M,,Y
1911.0,Unprovoked,Swimming,M,,N
1910.0,Unprovoked,Bathing,M,,N
1910.0,Unprovoked,Swimming,M,,N
1910.0,Unprovoked,Swimming,M,,N
1910.0,Unprovoked,Swimming,M,,UNKNOWN
1909.0,Unprovoked,Swimming,M,16,N
1909.0,Unprovoked,Bathing,F,,Y
1908.0,Unprovoked,Swimming,M,16,Y
1907.0,Unprovoked,Bathing,M,,Y
1907.0,Unprovoked,Bathing,M,,Y
1907.0,Unprovoked,Bathing,M,,N
1907.0,Unprovoked,Swimming,F,,Y
1907.0,Unprovoked,Swimming,F,,Y
1907.0,Unprovoked,Swimming,M,,Y
1907.0,Unprovoked,Swimming,F,,Y
1907.0,Unprovoked,Bathing,M,,N
1907.0,Unprovoked,Bathing,M,18,Y
1906.0,Unprovoked,Swimming,M,,Y
1906.0,Unprovoked,Diving,M,,N
1906.0,Unprovoked,Swimming,M,,Y
1906.0,Unprovoked,Swimming,M,,N
1906.0,Unprovoked,Swimming,M,,Y
1906.0,Unprovoked,Swimming,M,,Y
1906.0,Unprovoked,Swimming,M,,Y
1906.0,Unprovoked,Bathing,M,31 or 33,Y
1905.0,Unprovoked,Swimming,M,,Y
1905.0,Unprovoked,Bathing,M,21,N
1905.0,Unprovoked,Swimming,M,,N
1905.0,Unprovoked,Swimming,M,26,Y
1905.0,Unprovoked,Bathing,M,40,N
1904.0,Unprovoked,Swimming,M,,Y
1904.0,Unprovoked,Swimming,M,,Y
1904.0,Unprovoked,Swimming,M,30,Y
1904.0,Unprovoked,Bathing,M,,Y
1904.0,Unprovoked,Swimming,M,16,Y
1904.0,Unprovoked,Bathing,M,,N
1904.0,Unprovoked,Swimming,M,,Y
1903.0,Unprovoked,Swimming,M,,Y
1903.0,Unprovoked,Bathing,M,,Y
1903.0,Unprovoked,Swimming,M,,Y
1902.0,Unprovoked,Swimming,M,30,Y
1902.0,Unprovoked,Swimming,M,17,Y
1902.0,Unprovoked,Swimming,M,,Y
1902.0,Provoked,Swimming,M,,N
1902.0,Unprovoked,Swimming,M,16,N
1901.0,Unprovoked,Bathing,M,10,N
1901.0,Unprovoked,Swimming,M,Teen,Y
1901.0,Unprovoked,Swimming,M,29,Y
1901.0,Unprovoked,Swimming,M,,N
1901.0,Unprovoked,Bathing,M,,Y
1901.0,Unprovoked,Bathing,M,,N
1900.0,Unprovoked,Bathing,M,,Y
1900.0,Unprovoked,Swimming,M,30,Y
1900.0,Unprovoked,Swimming,M,,N
1900.0,Unprovoked,Diving,M,,UNKNOWN
1900.0,Unprovoked,Bathing,M,,N
1900.0,Unprovoked,Swimming,M,,Y
1900.0,Unprovoked,Swimming,M,,N
